view,n,mean_px,median_px,std_px,min_px,max_px
back,41,0.5365853658536586,0.0,2.601418468601407,-6.5,7.5
front,41,9.658536585365853,0.0,65.41821602432213,-7.5,418.0
left,41,-45.390243902439025,-139.5,190.3830517731004,-161.0,524.0
right,41,-39.24390243902439,-139.5,164.14887000643728,-161.0,464.0
