group,method,n_subjects,n,bias_cm,mae_cm,rmse_cm,r2
SUBJECT_LEVEL,per_image_horizon_left_right_mean,39,39,-2.1686693347416592,3.615796274770739,5.040203681153609,0.9071891611946601
SUBJECT_LEVEL,per_image_horizon_left_right_median,39,39,-2.1686693347416592,3.615796274770739,5.040203681153609,0.9071891611946601
SUBJECT_LEVEL,shared_horizon_left_right_mean,39,39,26.288885300710607,35.749266014769745,37.71435644510321,-4.196559760519186
SUBJECT_LEVEL,shared_horizon_left_right_median,39,39,26.288885300710607,35.749266014769745,37.71435644510321,-4.196559760519186
