method,n_valid,bias_cm,mae_cm,rmse_cm
median_scale,164,26.02620558459157,26.359534159621468,28.33354624212479
best_quality_scale,164,4.9352296054340234,16.06793749474415,17.360258275464805
closest_feet_scale,164,7.929450004208325,20.831025509365862,24.928660933651013
ground_line_scale,164,-9.567258918224656,15.425995910785069,17.618928204371258
