group,method,n_subjects,n,bias_cm,mae_cm,rmse_cm,r2
LATERAL_GLOBAL,per_image_cube_horizon,39,73,-2.017406685653777,3.790846486971792,5.20494267453829,0.9002102616962838
LATERAL_GLOBAL,shared_subject_horizon,39,73,26.80618180035409,36.01079693819504,37.93708163608262,-4.3012931512104
left,per_image_cube_horizon,37,37,-1.9802886278564764,3.499430531457506,4.945247632884001,0.9042533426073799
left,shared_subject_horizon,37,37,28.425597163484202,36.68552098577936,38.2888342753619,-4.739734741820053
right,per_image_cube_horizon,36,36,-2.055555800612114,4.090357330139252,5.458992882115655,0.8958547861531201
right,shared_subject_horizon,36,36,25.141782677137023,35.31733055595559,37.572126631999936,-3.9333941534477415
