method,n_valid,bias_cm,mae_cm,rmse_cm
median_scale,164,25.660593897729008,26.005367946357016,28.19527180176055
best_quality_scale,164,4.659519063445586,16.360919052886945,17.608057893094347
closest_feet_scale,164,7.910593885338647,18.7870273977656,20.789867800709516
ground_line_scale,164,-8.85821042339508,15.629108022924074,17.84765190100227
