group,n_images,mean_horizon_delta_px,median_horizon_delta_px,std_horizon_delta_px,min_horizon_delta_px,max_horizon_delta_px,mean_error_improvement_cm,median_error_improvement_cm,fraction_images_improved
LATERAL_GLOBAL,99,47.28787878787879,47.5,37.11531196405655,-15.5,148.0,7.899555451452817,6.980829900489027,0.898989898989899
left,50,48.22,48.0,36.23719478263026,-2.5,148.0,8.020815180397845,7.39533074240903,0.9
right,49,46.33673469387755,47.0,38.342805137109,-15.5,148.0,7.775821034161975,5.8594145804974005,0.8979591836734694
