group,method,n_subjects,n,bias_cm,mae_cm,rmse_cm,r2
SUBJECT_LEVEL,per_image_horizon_left_right_mean,50,50,0.5384195295644119,1.3605038184335703,1.8296292166182864,0.986271505818506
SUBJECT_LEVEL,per_image_horizon_left_right_median,50,50,0.5384195295644119,1.3605038184335703,1.8296292166182864,0.986271505818506
SUBJECT_LEVEL,shared_horizon_left_right_mean,50,50,-9.466275931952348,9.55410237928697,11.682753826513963,0.44025891974954046
SUBJECT_LEVEL,shared_horizon_left_right_median,50,50,-9.466275931952348,9.55410237928697,11.682753826513963,0.44025891974954046
